vin,i_ch1,i23,iin,v1,v2,v3,p_in,p_ch1,p_x,p_out,efficiency
3.3,0.1,0.0,2.129088e-10,4.999859,-6.58323e-05,0.001048275,7.0259904e-10,0.4999859,-0.0,0.4999859,711623374.8341017
3.3,0.1,0.05,1.557705e-10,4.999864,-3.458411e-06,4.980186e-06,5.140426499999999e-10,0.4999864,-4.2192985e-07,0.49998597807015,972654658.2664883
5.0,0.1,0.0,-1.835335e-11,4.999841,-3.306805e-05,-0.0003615903,-9.176675000000001e-11,0.49998410000000004,0.0,0.49998410000000004,0.0
5.0,0.1,0.05,2.572835e-10,4.999861,-4.121597e-05,0.0004545407,1.2864175e-09,0.49998610000000004,-2.4787833500000002e-05,0.4999613121665,388646230.45512056
12.0,0.1,0.0,1.086848e-10,4.999849,0.0002281416,-0.000132512,1.3042176e-09,0.49998490000000007,0.0,0.49998490000000007,383360031.3321949
12.0,0.1,0.05,4.757374e-10,4.999866,0.0002176705,4.277105e-05,5.7088488e-09,0.4999866,8.7449725e-06,0.4999953449725,87582516.63146167
