vin,i_ch1,i23,iin,v1,v2,v3,p_in,p_ch1,p_x,p_out,efficiency
3.3,0.1,0.0,1.801484e-10,4.999854,0.0002231241,7.024623e-05,5.9448972e-10,0.4999854,0.0,0.4999854,841032877.7426127
3.3,0.1,0.05,1.546196e-10,4.999868,0.0003344402,-6.195142e-05,5.1024468e-10,0.49998680000000006,1.9819581e-05,0.500006619581,979934998.2071348
5.0,0.1,0.0,8.696175e-11,4.999868,0.0004980099,0.0002489298,4.3480875000000004e-10,0.49998680000000006,0.0,0.49998680000000006,1149900502.2323034
5.0,0.1,0.05,-4.330904e-11,4.999866,0.0001204073,0.0001179756,-2.1654519999999999e-10,0.4999866,1.2158499999999996e-07,0.499986721585,0.0
12.0,0.1,0.0,1.58272e-10,4.99986,0.0005016333,6.585327e-05,1.899264e-09,0.49998600000000004,0.0,0.49998600000000004,263252502.02183586
12.0,0.1,0.05,3.670751e-10,4.999855,0.0001907208,5.829444e-05,4.4049011999999995e-09,0.4999855,6.621318e-06,0.499992121318,113508135.2830343
