vin,i_ch1,i23,iin,v1,v2,v3,p_in,p_ch1,p_x,p_out,efficiency
3.3,0.1,0.0,3.545759e-10,4.999844,-5.411246e-05,0.0002093436,1.17010047e-09,0.49998440000000005,-0.0,0.49998440000000005,427300400.9647138
3.3,0.1,0.05,1.01136e-10,4.999861,-0.0002718828,0.0002551826,3.337488e-10,0.49998610000000004,-2.6353270000000002e-05,0.49995974673000004,1498012117.8862667
5.0,0.1,0.0,8.273999e-11,4.999864,-0.000105042,0.0002476564,4.1369995e-10,0.4999864,-0.0,0.4999864,1208572541.5243583
5.0,0.1,0.05,-6.019955e-12,4.999866,5.489801e-05,-7.397528e-05,-3.0099775e-11,0.4999866,6.4436645e-06,0.4999930436645,0.0
12.0,0.1,0.0,1.141349e-10,4.999868,0.0003632747,0.001068783,1.3696188e-09,0.49998680000000006,-0.0,0.49998680000000006,365055444.6244459
12.0,0.1,0.05,2.873939e-10,4.999858,4.132448e-05,0.0003431015,3.4487267999999997e-09,0.4999858,-1.5088851000000001e-05,0.499970711149,144972547.88317823
